id,submission_time,view_number,vote_number,title,message,image
0,2020-04-28 11:14:10,552,89532,neh,dsgsdfs,
4,2020-04-28 11:49:01,0,0,aaaaaaa,"bbbbbbbbbbbbbbbbbbbbbbb
vasdasgfsdgd
gdfagdfzxgbxdbgdfz
zdbdzbzdbdfz",
6,2020-04-28 11:58:04,0,0,bgjvjgigjgi,"bkbjkhbvkiuhkiuvikubgkibk
11111111111111",
5,2020-04-28 11:58:43,0,0,2scgsdf,45,
7,2020-04-28 11:59:03,0,5,55555,11111111,question_7.jpg
8,2020-04-29 10:26:07,0,0,tgfdfSG,"GHSDGFZFDGSDG
GDS<FGSDCX
vdfzhb",
1,2020-04-29 14:04:44,0,0,"test'""",123124214,question_1.jpg
3,2020-04-29 14:54:17,0,0,',123124,question_3.jpg
9,2020-04-29 15:23:31,0,0,fthsdf,gAERHGDFAHJDFZHGBsad,
10,2020-04-29 15:24:43,0,0,fdhsfgdh,fdfgh<a<dfgw,
2,2020-04-29 15:25:42,0,0,bgdzfhb,fvd<zbcxvzv,
